{"ampls": [26.0, 28.166666666666668, 30.333333333333332, 32.5, 34.666666666666664, 36.83333333333333, 39.0, 41.166666666666664, 43.33333333333333, 45.5, 47.666666666666664, 49.83333333333333, 52.0, 54.166666666666664, 56.33333333333333, 58.5, 60.666666666666664, 62.83333333333333, 65.0, 67.16666666666666, 69.33333333333333, 71.5, 73.66666666666666, 75.83333333333333, 78.0], "minfreqs": [[0.1556195624431889, 7.790150258933008, 15.097693650273586], [8.62048690888717, 16.33149223052258], [0.33541409404526296, 8.813283742638657, 17.575619354012424, 249.67203690636077], [9.676644051137602, 10.444804368406, 18.938423682663423, 249.499564071591], [20.18481108571243], [4.855091812616591, 7.604062318701488, 10.601751897495149, 21.345317400901408, 26.122255928838335, 61.54364069494741, 248.5560805485524], [0.3118848984714851, 12.125715263213557, 22.598475448646518, 27.86761332852535, 65.11609295475843, 252.3050125948893], [6.260047994369452, 8.609677689481854, 13.193850843128226, 23.82872575829533, 68.7140672510827], [2.2374214219565163, 4.9049031393316325, 8.768213306896303, 12.427159793023153, 14.184188252341979, 25.159629212977638, 30.687775208516925, 72.45870644839734, 74.32676116201674], [9.536696018123534, 13.597416061702747, 21.36520229723454, 26.44572043024687, 30.556178620099377, 32.517027812512985, 76.12468178661105, 77.98179127185566, 79.88500188280305], [0.2189872796587697, 3.0590038852855037, 7.250053363778588, 9.620057162777869, 13.180310985978682, 14.902115561486927, 27.638829195748894, 79.78116648845977, 81.63033748016454, 83.52761938494818], [10.439914880894689, 14.252632376082662, 15.9347648094947, 28.924649667413874, 35.25374670805228, 83.43297717225919, 85.28940615025991, 87.17429486876891], [2.127501267375092, 6.024109587403856, 10.51088639050898, 15.33305288923919, 16.931587554657614, 30.174734253779544, 35.141887409848685, 37.0815249237538, 87.08727260248706, 88.93806144394982, 90.8464012709707], [11.345856519811218, 15.01091236657097, 16.446678661368708, 17.894667717490268, 31.411465281990534, 37.017788685884824, 38.923240418710606, 90.74008992561001, 92.58831038530838, 94.51880038572384, 252.38866660602562], [0.2580290681090706, 2.839164583480741, 8.832208739587768, 11.41562292465003, 16.01339235480241, 17.311928970546173, 26.84520249272089, 32.673933524280244, 39.819606982989946, 94.39107436164025, 96.24358491535152, 98.14316661029278, 253.2157074264319], [4.105595324724008, 7.130805929258323, 9.153770364501714, 12.290586764039931, 17.403098559922086, 18.538535212024378, 27.753561326020126, 33.92079153474103, 39.71318393907924, 41.64708420342295, 98.04224111101522, 99.89904888945388, 101.82871138264582], [2.355851318591082, 5.7169032778117455, 6.881887741673108, 9.382878518805061, 12.324924831945733, 16.83664519365734, 18.351486227496334, 19.682121926375896, 28.6635752960282, 35.19137038050694, 41.58567167235962, 43.47385924285144, 101.69642337089934, 103.54423680436923, 105.57311530569314, 251.90372684130932], [5.974057455672448, 9.743239007769484, 12.29248821056813, 13.295824124843783, 17.81506768885621, 19.115380299336568, 20.62505933220009, 29.574164569046868, 31.672838968193016, 36.45800889796929, 44.408326958765606, 105.3467648980546, 107.1987613277379, 109.09353365512166, 251.93979122323842], [0.2664165794718562, 2.893641145948144, 4.423636916099201, 10.144575970504414, 13.243036277900337, 19.68618257117826, 21.5442195071513, 30.48406383832095, 32.50252638053456, 37.6959770195512, 44.27388675754159, 46.21269005176622, 108.99821444030925, 110.85383134343031, 112.81039097414958, 253.033482123178], [7.946687210530633, 10.49854982560746, 13.232052074454227, 14.18284134253359, 18.65828481874603, 20.402590570920434, 22.282462719471617, 31.343060849604132, 33.33041685002251, 38.955368971549056, 46.1526585143035, 48.03889667713299, 112.6489588705472, 114.52462476116055, 249.0181498264035, 250.73748342558878, 252.91650994186602, 255.11932644434367, 257.070718108687], [3.272322039205465, 5.742961704015154, 7.612164005963214, 10.747417441598213, 14.161161823626196, 19.665287437683588, 21.048680312317163, 22.351728061169126, 40.21527487764633, 47.9997047468953, 49.867441074360976, 116.29610716810899, 118.15096215134696, 120.15265711891296, 251.71540414417328, 254.23887198593005], [6.844073512682203, 11.167405375667787, 14.161618249110296, 15.086714258548266, 19.5408963498305, 21.514933012110152, 23.34292706551246, 34.1725482499582, 41.46464903638139, 48.753100900313946, 50.780299783822535, 119.93915609518501, 121.81011202904035, 251.77745124656298, 254.33807624392517], [0.3069010773553634, 2.867562422245333, 9.074418466393938, 11.415360984817948, 15.105775589032305, 20.485457109717935, 22.319420597360832, 24.27555922124585, 35.06185014808255, 42.72961741169448, 50.71623853538956, 52.60471719640729, 123.55238090314396, 125.5782625926173, 251.93225201836356], [8.609586266799553, 11.756320180016804, 15.09143381769184, 15.9631320600897, 21.53249798287906, 23.125553216097913, 25.19872097180965, 35.96872600887874, 43.9794706239762, 52.56460270659703, 54.430625079705464, 126.76292001002905, 128.2113474220707], [2.4424653068626783, 5.102050105792689, 8.130215656403388, 12.295071714340821, 16.175202171509298, 21.371397744087325, 23.428729724571063, 26.067120406406264, 36.879675108152306, 45.239850704846745, 55.679434321637046, 130.1698122056863, 131.84874851028292, 133.69651568927833, 253.26479262229424]]}